{
  "$schema": "https://developer.microsoft.com/json-schemas/spfx/client-side-web-part-manifest.schema.json",
  "id": "13df906c-ae65-4508-8bc6-98bcfc9d648e",
  "alias": "EmiratenewswpWebPart",
  "componentType": "WebPart",
  "version": "*",
  "manifestVersion": 2,
  "requiresCustomScript": false,
  "preconfiguredEntries": [{
    "groupId": "5c03119e-3074-46fd-976b-c60198311f70",
    "group": { "default": "ADPF Webparts" },
    "title": { "default": "emiratenewswp" },
    "description": { "default": "to show all news from emirate" },
    "officeFabricIconFontName": "Page",
    "properties": {
      "description": "emiratenewswp"
    }
  }]
}
