{
  "$schema": "https://developer.microsoft.com/json-schemas/spfx/client-side-web-part-manifest.schema.json",
  "id": "ab853440-5406-4232-9580-bb822ddd5714",
  "alias": "FavoritehomewpWebPart",
  "componentType": "WebPart",
  "version": "*",
  "manifestVersion": 2,
  "requiresCustomScript": false,
  "preconfiguredEntries": [{
    "groupId": "5c03119e-3074-46fd-976b-c60198311f70",
    "group": { "default": "ADPF Webparts" },
    "title": { "default": "favoritehomewp" },
    "description": { "default": "to show case favorite" },
    "officeFabricIconFontName": "Page",
    "properties": {
      "description": "favoritehomewp"
    }
  }]
}
