{
  "$schema": "https://developer.microsoft.com/json-schemas/spfx/client-side-web-part-manifest.schema.json",
  "id": "27f628ff-4c91-4ecb-b346-f3cf24625d31",
  "alias": "UserprofilehomewpWebPart",
  "componentType": "WebPart",
  "version": "*",
  "manifestVersion": 2,
  "requiresCustomScript": false,
  "preconfiguredEntries": [{
    "groupId": "5c03119e-3074-46fd-976b-c60198311f70",
    "group": { "default": "ADPF Webparts" },
    "title": { "default": "userprofilehomewp" },
    "description": { "default": "to display user image and name" },
    "officeFabricIconFontName": "Page",
    "properties": {
      "description": "userprofilehomewp"
    }
  }]
}
