{
  "$schema": "https://developer.microsoft.com/json-schemas/spfx/client-side-web-part-manifest.schema.json",
  "id": "c908d7e3-621a-40ac-acdd-2efcc9ad2d31",
  "alias": "NewsHomewpWebPart",
  "componentType": "WebPart",
  "version": "*",
  "manifestVersion": 2,
  "requiresCustomScript": false,
  "preconfiguredEntries": [{
    "groupId": "5c03119e-3074-46fd-976b-c60198311f70",
    "group": { "default": "ADPF Webparts" },
    "title": { "default": "news-homewp" },
    "description": { "default": "To show case all news on home page" },
    "officeFabricIconFontName": "Page",
    "properties": {
      "description": "news-homewp"
    }
  }]
}
