{"id":"0b8103ff-05c0-43ce-9aa7-4dfe13f49052","alias":"GalleryhomewpWebPart","componentType":"WebPart","version":"0.0.1","manifestVersion":2,"requiresCustomScript":false,"preconfiguredEntries":[{"groupId":"5c03119e-3074-46fd-976b-c60198311f70","group":{"default":"ADPF Webparts"},"title":{"default":"galleryhomewp"},"description":{"default":"To show all Images"},"officeFabricIconFontName":"Page","properties":{"description":"galleryhomewp"}}],"loaderConfig":{"entryModuleId":"galleryhomewp-web-part","internalModuleBaseUrls":["<!-- PATH TO CDN -->/"],"scriptResources":{"galleryhomewp-web-part":{"type":"path","path":"galleryhomewp-web-part_74b9c85e3c1fad8cac624ea376df126c.js"},"GalleryhomewpWebPartStrings":{"defaultPath":"adpf.spfxwebparts-galleryhomewpwebpartstrings_en-us_536e65149b0acf4d52c0043073b9fc59.js","type":"localizedPath","paths":{}},"@microsoft/sp-core-library":{"type":"component","version":"1.4.1","id":"7263c7d0-1d6a-45ec-8d85-d4d1d234171b"},"@microsoft/sp-webpart-base":{"type":"component","version":"1.4.1","id":"974a7777-0990-4136-8fa6-95d80114c2e0"},"@microsoft/sp-http":{"type":"component","version":"1.4.1","id":"c07208f0-ea3b-4c1a-9965-ac1b825211a6"},"@microsoft/sp-loader":{"type":"component","version":"1.4.1","id":"1c6c9123-7aac-41f3-a376-3caea41ed83f"}}}}