{"id":"96190595-49d5-4b93-9b12-1ff8ec4a966d","alias":"EserviceswpWebPart","componentType":"WebPart","version":"0.0.1","manifestVersion":2,"requiresCustomScript":false,"preconfiguredEntries":[{"groupId":"5c03119e-3074-46fd-976b-c60198311f70","group":{"default":"ADPF Webparts"},"title":{"default":"eserviceswp"},"description":{"default":"e services component"},"officeFabricIconFontName":"Page","properties":{"description":"eserviceswp"}}],"loaderConfig":{"entryModuleId":"eserviceswp-web-part","internalModuleBaseUrls":["<!-- PATH TO CDN -->/"],"scriptResources":{"eserviceswp-web-part":{"type":"path","path":"eserviceswp-web-part_fb9915b325d019272e0eb5bd28b14806.js"},"EserviceswpWebPartStrings":{"defaultPath":"adpf.spfxwebparts-eserviceswpwebpartstrings_en-us_536e65149b0acf4d52c0043073b9fc59.js","type":"localizedPath","paths":{}},"@microsoft/sp-core-library":{"type":"component","version":"1.4.1","id":"7263c7d0-1d6a-45ec-8d85-d4d1d234171b"},"@microsoft/sp-webpart-base":{"type":"component","version":"1.4.1","id":"974a7777-0990-4136-8fa6-95d80114c2e0"},"@microsoft/sp-http":{"type":"component","version":"1.4.1","id":"c07208f0-ea3b-4c1a-9965-ac1b825211a6"}}}}