{
  "$schema": "https://developer.microsoft.com/json-schemas/spfx/client-side-web-part-manifest.schema.json",
  "id": "eeca3de4-ea60-43ea-8e4e-b33b46b54b85",
  "alias": "NewslistingwpWebPart",
  "componentType": "WebPart",
  "version": "*",
  "manifestVersion": 2,
  "requiresCustomScript": false,
  "preconfiguredEntries": [{
    "groupId": "5c03119e-3074-46fd-976b-c60198311f70",
    "group": { "default": "ADPF Webparts" },
    "title": { "default": "newslistingwp" },
    "description": { "default": "to show all news" },
    "officeFabricIconFontName": "Page",
    "properties": {
      "description": "newslistingwp"
    }
  }]
}
