{
  "$schema": "https://developer.microsoft.com/json-schemas/spfx/client-side-web-part-manifest.schema.json",
  "id": "74538a22-fc20-4417-86b7-8e6d52d2f590",
  "alias": "NewsdetailwpWebPart",
  "componentType": "WebPart",
  "version": "*",
  "manifestVersion": 2,
  "requiresCustomScript": false,
  "preconfiguredEntries": [{
    "groupId": "5c03119e-3074-46fd-976b-c60198311f70",
    "group": { "default": "ADPF Webparts" },
    "title": { "default": "newsdetailwp" },
    "description": { "default": "to show news detail" },
    "officeFabricIconFontName": "Page",
    "properties": {
      "description": "newsdetailwp"
    }
  }]
}
