{
  "$schema": "https://developer.microsoft.com/json-schemas/spfx/client-side-web-part-manifest.schema.json",
  "id": "fc9e3ea7-34f5-4108-ba71-db46311d5254",
  "alias": "DiscountshomewpWebPart",
  "componentType": "WebPart",
  "version": "*",
  "manifestVersion": 2,
  "requiresCustomScript": false,
  "preconfiguredEntries": [{
    "groupId": "5c03119e-3074-46fd-976b-c60198311f70",
    "group": { "default": "ADPF Webparts" },
    "title": { "default": "discountshomewp" },
    "description": { "default": "to show all discount offers" },
    "officeFabricIconFontName": "Page",
    "properties": {
      "description": "discountshomewp"
    }
  }]
}
