{
  "$schema": "https://developer.microsoft.com/json-schemas/spfx/client-side-web-part-manifest.schema.json",
  "id": "f6eb194c-6a4c-41d8-8e96-109c99e2b025",
  "alias": "EventshomewpWebPart",
  "componentType": "WebPart",
  "version": "*",
  "manifestVersion": 2,
  "requiresCustomScript": false,
  "preconfiguredEntries": [{
    "groupId": "5c03119e-3074-46fd-976b-c60198311f70",
    "group": { "default": "ADPF Webparts" },
    "title": { "default": "eventshomewp" },
    "description": { "default": "to display events on home page" },
    "officeFabricIconFontName": "Page",
    "properties": {
      "description": "eventshomewp"
    }
  }]
}
