{
  "$schema": "https://developer.microsoft.com/json-schemas/spfx/client-side-web-part-manifest.schema.json",
  "id": "0a36a5f6-74ff-4b3a-9de2-beb47e02bed2",
  "alias": "CountdowntimerwpWebPart",
  "componentType": "WebPart",
  "version": "*",
  "manifestVersion": 2,
  "requiresCustomScript": false,
  "preconfiguredEntries": [{
    "groupId": "5c03119e-3074-46fd-976b-c60198311f70",
    "group": { "default": "ADPF Webparts" },
    "title": { "default": "countdowntimerwp" },
    "description": { "default": "to showcase all count down items" },
    "officeFabricIconFontName": "Page",
    "properties": {
      "description": "countdowntimerwp"
    }
  }]
}
