{
  "$schema": "https://developer.microsoft.com/json-schemas/spfx/client-side-web-part-manifest.schema.json",
  "id": "0b8103ff-05c0-43ce-9aa7-4dfe13f49052",
  "alias": "GalleryhomewpWebPart",
  "componentType": "WebPart",
  "version": "*",
  "manifestVersion": 2,
  "requiresCustomScript": false,
  "preconfiguredEntries": [{
    "groupId": "5c03119e-3074-46fd-976b-c60198311f70",
    "group": { "default": "ADPF Webparts" },
    "title": { "default": "galleryhomewp" },
    "description": { "default": "To show all Images" },
    "officeFabricIconFontName": "Page",
    "properties": {
      "description": "galleryhomewp"
    }
  }]
}
