{
  "$schema": "https://developer.microsoft.com/json-schemas/spfx/client-side-web-part-manifest.schema.json",
  "id": "96190595-49d5-4b93-9b12-1ff8ec4a966d",
  "alias": "EserviceswpWebPart",
  "componentType": "WebPart",
  "version": "*",
  "manifestVersion": 2,
  "requiresCustomScript": false,
  "preconfiguredEntries": [{
    "groupId": "5c03119e-3074-46fd-976b-c60198311f70",
    "group": { "default": "ADPF Webparts" },
    "title": { "default": "eserviceswp" },
    "description": { "default": "e services component" },
    "officeFabricIconFontName": "Page",
    "properties": {
      "description": "eserviceswp"
    }
  }]
}
